﻿department,url
Afd. Onderwijs En Onderzoek,https://repository.ubn.ru.nl/browse?authority=527b06956b1413bfb9a2e0a998273a86&type=authorganizationcode
"AI Taal, Spraak en Communicatie",https://repository.ubn.ru.nl/browse?authority=8411547199c1b8b37b65ba0655c8c2c0&type=authorganizationcode
Algebra & Topologie,https://repository.ubn.ru.nl/browse?authority=2ff7cf4339300327be287d113bdb4c46&type=authorganizationcode
Algemene Cultuurwetenschappen (ACW),https://repository.ubn.ru.nl/browse?authority=b2639d31bd7c5b86e42ca65f1f4c21aa&type=authorganizationcode
Algemene rechtswetenschap,https://repository.ubn.ru.nl/browse?authority=73b48c34c982ee4b66187e396822cf00&type=authorganizationcode
Analytical Chemistry,https://repository.ubn.ru.nl/browse?authority=0548b5d01d89cb6604147e11f353ebcf&type=authorganizationcode
Anatomy,https://repository.ubn.ru.nl/browse?authority=5ef000b4dba83125b9f3a0530b4633b7&type=authorganizationcode
Anesthesiology,https://repository.ubn.ru.nl/browse?authority=95b2f105a5a4cf1febf2c49d02009571&type=authorganizationcode
Animal Ecology & Physiology,https://repository.ubn.ru.nl/browse?authority=9671db442a74216baa5a7756cd0f4e1f&type=authorganizationcode
Antieke en Middeleeuwse Wijsbegeerte,https://repository.ubn.ru.nl/browse?authority=cb62617fb51d127b16786e2f27ec868a&type=authorganizationcode
aPI Group Brain Rhythms,https://repository.ubn.ru.nl/browse?authority=c28abb166133072438f82ac68dbaea5a&type=authorganizationcode
aPI Group Dynamic Connectivity,https://repository.ubn.ru.nl/browse?authority=6e1fb84a9017ab59a5d1e384ff4edfcb&type=authorganizationcode
aPI Group MEG Methods,https://repository.ubn.ru.nl/browse?authority=7671929aa572a6b930c249bd807371de&type=authorganizationcode
aPI Group MR Structural Quantitative Imaging,https://repository.ubn.ru.nl/browse?authority=1fe90e5b0395f34a594631ab5832c0bb&type=authorganizationcode
Applied Biology,https://repository.ubn.ru.nl/browse?authority=5b4d6efb2e7af48e8781da528ce7491b&type=authorganizationcode
Applied Materials Science,https://repository.ubn.ru.nl/browse?authority=f94172a9999b64a3ef6e350d9a07dec7&type=authorganizationcode
Applied Molecular Physics,https://repository.ubn.ru.nl/browse?authority=c1867e66942dac4505deaa181de8efc8&type=authorganizationcode
Aquatic Ecology and Environmental Biology,https://repository.ubn.ru.nl/browse?authority=c3f0f537bb694aca45b2fdaf5c04e0d0&type=authorganizationcode
Arabisch en Islam,https://repository.ubn.ru.nl/browse?authority=230b3048d2a82c8d26afe2a0a72a83f5&type=authorganizationcode
Arbeidsmanagement en organisatie - wisselleerstoel - t/m 2007,https://repository.ubn.ru.nl/browse?authority=54ba9083c19316691ebfe0f45d6ee08f&type=authorganizationcode
Astrophysics,https://repository.ubn.ru.nl/browse?authority=cddc73d4a1fe137fdb68935225376c6c&type=authorganizationcode
"Auxilia, archeologisch projectbureau",https://repository.ubn.ru.nl/browse?authority=05cb969cc2c7269128ffdfbf57eb3002&type=authorganizationcode
Bedrijfseconomie,https://repository.ubn.ru.nl/browse?authority=13eee052cd09ae705dffd1c87b0ae19b&type=authorganizationcode
Bedrijfskunde,https://repository.ubn.ru.nl/browse?authority=0df3870753e341286114414ca8995c23&type=authorganizationcode
Belastingrecht,https://repository.ubn.ru.nl/browse?authority=d608a22ad9c8af826f8ff2220c70c646&type=authorganizationcode
Bestuurskunde,https://repository.ubn.ru.nl/browse?authority=22b880e448f41302cf8776693eaf71f5&type=authorganizationcode
Bestuurskunde & Politicologie,https://repository.ubn.ru.nl/browse?authority=a9980d91b167ad4d84a28d9d0d204025&type=authorganizationcode
Bestuurskunde (leerstoel),https://repository.ubn.ru.nl/browse?authority=0b9d1e12c72cb0150cdb86304aa3a68f&type=authorganizationcode
Bestuurskunde t/m 2019,https://repository.ubn.ru.nl/browse?authority=754485077f80621bf461629f9cf9d4e1&type=authorganizationcode
"Bestuurskunde, ihb interne org en werkw openb.best",https://repository.ubn.ru.nl/browse?authority=e55982ab4a77e6a1232342485aa02c36&type=authorganizationcode
Bestuursondersteuning,https://repository.ubn.ru.nl/browse?authority=892c9134a548969e67362a7c2854861b&type=authorganizationcode
Bio-organic Chemistry,https://repository.ubn.ru.nl/browse?authority=8750ffb914400ee63cf866ab628d3cd9&type=authorganizationcode
Biochemistry (UMC),https://repository.ubn.ru.nl/browse?authority=4e2dfec6f98b78e32ca1422684fb3326&type=authorganizationcode
Bioinformatics,https://repository.ubn.ru.nl/browse?authority=04d8cb11e2ec47eac7a0724bf78839b2&type=authorganizationcode
Biomolecular Chemistry,https://repository.ubn.ru.nl/browse?authority=4106252e6751f4cf90f2b020ee10d6b9&type=authorganizationcode
Biophysical Chemistry,https://repository.ubn.ru.nl/browse?authority=bf5537974876766f11078ebefc7fa121&type=authorganizationcode
Biophysics,https://repository.ubn.ru.nl/browse?authority=69427bd3ab9412373fe7e6c0e919bbe7&type=authorganizationcode
Blood Transfusion and Transplantation Immunology,https://repository.ubn.ru.nl/browse?authority=75e6b73dddc89f1e281a9076998e53e0&type=authorganizationcode
"Bronteksten, geschiedenis en actualiteit Jd & Xd",https://repository.ubn.ru.nl/browse?authority=526c4578423158070b59cda83aff575f&type=authorganizationcode
Bureau Onderzoek Letteren,https://repository.ubn.ru.nl/browse?authority=b8481226c73f94f16a0fea3c41a249fb&type=authorganizationcode
Burgerlijk recht,https://repository.ubn.ru.nl/browse?authority=eb1eed1ada24ddb6dbf5f5d764d2ec6b&type=authorganizationcode
Business Economics,https://repository.ubn.ru.nl/browse?authority=cbeac781a444009879817f369a940122&type=authorganizationcode
Cardio Thoracic Surgery,https://repository.ubn.ru.nl/browse?authority=58bcc40e17286cb00621a0481228dad0&type=authorganizationcode
Cardiology,https://repository.ubn.ru.nl/browse?authority=64a5e1db4eee02a518acef06587f9b18&type=authorganizationcode
Cell biology,https://repository.ubn.ru.nl/browse?authority=fb0235c48824f881f90313a0691669a2&type=authorganizationcode
Cell Biology (UMC),https://repository.ubn.ru.nl/browse?authority=ce92da39068b3b1616671dd1607bb231&type=authorganizationcode
Cell Physiology,https://repository.ubn.ru.nl/browse?authority=41a699c58946d647689e11c9f7ede47a&type=authorganizationcode
Cellular Animal Physiology,https://repository.ubn.ru.nl/browse?authority=12fbf7e5df828214ff0716b3fef0e8d7&type=authorganizationcode
Center for Biblical and Theological Studies,https://repository.ubn.ru.nl/browse?authority=0d0fa0066968847c281de751a7afb9d5&type=authorganizationcode
Center for Cognition and Language,https://repository.ubn.ru.nl/browse?authority=1c5cd1704cf2d83ec71f6705fcd98d17&type=authorganizationcode
Center for Contemporary European Philosophy,https://repository.ubn.ru.nl/browse?authority=d49c17d11df75030d540dba3d6d55575&type=authorganizationcode
Center for Political Philosophy and Ethics,https://repository.ubn.ru.nl/browse?authority=04bebac60e834ed5b9607329d6689058&type=authorganizationcode
Center for Religion and Contemporary Society,https://repository.ubn.ru.nl/browse?authority=856d2269855d36ba4c4e02db8ac05fc6&type=authorganizationcode
"Center for Textual, Historical, and Systematic Studies of Judaism and Christianity",https://repository.ubn.ru.nl/browse?authority=817114bb49f26a64f5674c6031b4eebd&type=authorganizationcode
Center for the History of Philosophy and Science,https://repository.ubn.ru.nl/browse?authority=fce5dfbed47bb06a38769f157c167dc6&type=authorganizationcode
Central Animal Laboratory,https://repository.ubn.ru.nl/browse?authority=e577802d7d5c346f3b5928ec2c58243f&type=authorganizationcode
Centrum voor Duitslandstudies (CDS),https://repository.ubn.ru.nl/browse?authority=c85b9fb6d90d2b874ad251bf93a79f7a&type=authorganizationcode
Centrum voor Ethiek (CvE),https://repository.ubn.ru.nl/browse?authority=5053ee439297b683ee69d300d28793a3&type=authorganizationcode
Centrum voor Ethiek (CvE),https://repository.ubn.ru.nl/browse?authority=de9d98408ff403b5ed3bd46179d3aa6f&type=authorganizationcode
Centrum voor Internationaal Conflict-Analyse & Management (CICAM),https://repository.ubn.ru.nl/browse?authority=4f4d695f23390a51c93cefe28c44bda8&type=authorganizationcode
Centrum voor Migratierecht,https://repository.ubn.ru.nl/browse?authority=a1f27a3cd4813b96f3f9b2d9cd347d05&type=authorganizationcode
Centrum voor Notarieel Recht,https://repository.ubn.ru.nl/browse?authority=8db7553923d70b6b9ff9fc8959861b19&type=authorganizationcode
Centrum voor Parlementaire Geschiedenis (CPG),https://repository.ubn.ru.nl/browse?authority=6fdf51fc44bdd45a57b419cc888e7eb8&type=authorganizationcode
Centrum voor Postacademisch Onderwijs (CPO),https://repository.ubn.ru.nl/browse?authority=8d9b7cacd436f708739280a445484109&type=authorganizationcode
Chemical Endocrinology,https://repository.ubn.ru.nl/browse?authority=9c473db10e12a39b75a901d5af9de9c0&type=authorganizationcode
CHL,https://repository.ubn.ru.nl/browse?authority=cb19c363e29e8bfb65df33a304703d8e&type=authorganizationcode
CICAM,https://repository.ubn.ru.nl/browse?authority=29ce3b7bfd1771470dbe8ec20b3d4869&type=authorganizationcode
CICAM/CMO,https://repository.ubn.ru.nl/browse?authority=a11dbd4791270b3eda8448722ac06fdb&type=authorganizationcode
Clinical Chemistry,https://repository.ubn.ru.nl/browse?authority=1c97d0a74ee78edab48c81468509b0a5&type=authorganizationcode
Clinical Pharmacy,https://repository.ubn.ru.nl/browse?authority=66f24a282d796cc3c67312fa57956412&type=authorganizationcode
CLS - Centre for Language Studies,https://repository.ubn.ru.nl/browse?authority=ac2bf61deafb37385da51d25988553de&type=authorganizationcode
CLS_Centre for Language Studies,https://repository.ubn.ru.nl/browse?authority=3168ec544251de0fb4c0791976b14b02&type=authorganizationcode
CLST - Centre for Language and Speech Technology,https://repository.ubn.ru.nl/browse?authority=18e7c3406e4389788d74b76b7939d0b0&type=authorganizationcode
CLST_Centre for Language and Speech Technology,https://repository.ubn.ru.nl/browse?authority=616da34f2852a6e926430f8cea2de2bd&type=authorganizationcode
CMBI,https://repository.ubn.ru.nl/browse?authority=7fdafcc146833285b4619a6f2d47f2fc&type=authorganizationcode
Cognitiefilosofie,https://repository.ubn.ru.nl/browse?authority=2d537c4058e3489e7f3e56b01394b2e9&type=authorganizationcode
Cognitive Neurology and Memory,https://repository.ubn.ru.nl/browse?authority=2abf5cdd975d1768b0e5c9671de4b82a&type=authorganizationcode
Cognitive Neuroscience,https://repository.ubn.ru.nl/browse?authority=d24ccab1c4b0d43983b1fb26850627d9&type=authorganizationcode
Communicatie en Beïnvloeding,https://repository.ubn.ru.nl/browse?authority=2080b7576fc1f9f39bdf8f105e4fc612&type=authorganizationcode
Communicatie in Organisaties,https://repository.ubn.ru.nl/browse?authority=d3d133153702fd7c7c18957969d6c89d&type=authorganizationcode
Communicatie- en informatiewetenschappen,https://repository.ubn.ru.nl/browse?authority=fe5f8649ba0c577735dad21bf636e12c&type=authorganizationcode
Condensed Matter Science (HFML),https://repository.ubn.ru.nl/browse?authority=149b6b33442a15bbc857d97c1a358d33&type=authorganizationcode
Correlated Electron Systems,https://repository.ubn.ru.nl/browse?authority=e6dd80acbef46abb4c66451a234b5d29&type=authorganizationcode
CPG_Centrum voor Parlementaire Geschiedenis,https://repository.ubn.ru.nl/browse?authority=8cd566f24e8d7c1659580299630fe3d0&type=authorganizationcode
CSS,https://repository.ubn.ru.nl/browse?authority=8c0d4d518d31953e680c76f42ca7fd91&type=authorganizationcode
Cultuurgeschiedenis,https://repository.ubn.ru.nl/browse?authority=50fb05606435b26d51ff41d800c88c00&type=authorganizationcode
CvE - Centrum voor Ethiek,https://repository.ubn.ru.nl/browse?authority=9d15c7dddd18dbd28c60d1ba1a7acb98&type=authorganizationcode
Data Science,https://repository.ubn.ru.nl/browse?authority=af7a0bdc5a800953eb29707a2dbd9db1&type=authorganizationcode
DCCN (FNWI),https://repository.ubn.ru.nl/browse?authority=0ea4003ddfce5e0a9315bc40be54f780&type=authorganizationcode
DCCN Administration,https://repository.ubn.ru.nl/browse?authority=28b85283c5ce7ac1249938d32db336d8&type=authorganizationcode
DCCN Technical Group,https://repository.ubn.ru.nl/browse?authority=67ea919189fa37a4ece243bd693da0a9&type=authorganizationcode
Dentistry,https://repository.ubn.ru.nl/browse?authority=ecae4ce2b4850c6d445648d436671791&type=authorganizationcode
Department for Sustainable Management of Resources,https://repository.ubn.ru.nl/browse?authority=a50d6b64af990b1804c04c9a0273c822&type=authorganizationcode
Dermatology,https://repository.ubn.ru.nl/browse?authority=988f0770d00e3ac9a93671a05d19c4a8&type=authorganizationcode
Digital Security,https://repository.ubn.ru.nl/browse?authority=95841c96c4f3cda442c1b8e88ce25af7&type=authorganizationcode
Donders Centre for Cognitive Neuroimaging,https://repository.ubn.ru.nl/browse?authority=682e39ed95985256027e7e5534be7421&type=authorganizationcode
Donders Centre for Neuroscience,https://repository.ubn.ru.nl/browse?authority=402bf2da3a745ecb094263f6bd09f252&type=authorganizationcode
Duitse Taal en Cultuur,https://repository.ubn.ru.nl/browse?authority=3627052ecae46ab7d014951a7dd06d85&type=authorganizationcode
"Duitse Taal en Cultuur, inzonderheid Duitslandstudies",https://repository.ubn.ru.nl/browse?authority=aee15282989dcdf9e7e1c62ec48d6246&type=authorganizationcode
Ecogenomics,https://repository.ubn.ru.nl/browse?authority=9e1acbe2cbf3629cd6ee2fbd23ce8f11&type=authorganizationcode
Ecological Microbiology,https://repository.ubn.ru.nl/browse?authority=ab4c539f493763f1c472ea036db81280&type=authorganizationcode
Ecology,https://repository.ubn.ru.nl/browse?authority=a5a0ad838f25b2d09932381f9e682f19&type=authorganizationcode
Economie,https://repository.ubn.ru.nl/browse?authority=20640b16e3d2dc9005e1bd4eeb36314e&type=authorganizationcode
Economische theorie en economisch beleid,https://repository.ubn.ru.nl/browse?authority=8758a92779b1fe018bd6f0430f2f2bce&type=authorganizationcode
"Economische, Sociale en Demografische Geschiedenis",https://repository.ubn.ru.nl/browse?authority=dae63106d5f27921a19fabe39c602f9b&type=authorganizationcode
Electronic Structure of Materials,https://repository.ubn.ru.nl/browse?authority=4b60c1f6fff4d6fa1e37a08a1af85fa2&type=authorganizationcode
Emergency Medicine,https://repository.ubn.ru.nl/browse?authority=ca04fbe91b4a4a1d45d9f45f0c2d49fd&type=authorganizationcode
Empirische politicologie,https://repository.ubn.ru.nl/browse?authority=b6a9369dda6a31631be903186faea0f6&type=authorganizationcode
Empirische religiewetenschap,https://repository.ubn.ru.nl/browse?authority=ae9b65a9d58190b696811b1175974ae7&type=authorganizationcode
Endocrinology,https://repository.ubn.ru.nl/browse?authority=17786fe3b3ccf803b33219174ebca86c&type=authorganizationcode
Engelse en Amerikaanse Letterkunde en Cultuur,https://repository.ubn.ru.nl/browse?authority=a7e71fbb9ae601fae29beeb1c09acca1&type=authorganizationcode
Engelse Taal en Cultuur,https://repository.ubn.ru.nl/browse?authority=f20f5a3db2dbf5ecde7c964f8af1b169&type=authorganizationcode
Engelse Taalkunde,https://repository.ubn.ru.nl/browse?authority=65adaedbefccf392b30e707df421aae4&type=authorganizationcode
Environmental Science,https://repository.ubn.ru.nl/browse?authority=7b9ab71751eb313ec4e5bdff96f9f58c&type=authorganizationcode
"Ethics, Philosophy, History of Medical Sciences",https://repository.ubn.ru.nl/browse?authority=b5ce99be38f0595328e13bc8b8c737c9&type=authorganizationcode
Experimental High Energy Physics,https://repository.ubn.ru.nl/browse?authority=630b6ee001568e69348279cba4d1c74c&type=authorganizationcode
Experimental Molecular Physics,https://repository.ubn.ru.nl/browse?authority=b5edabc581aaaeb3ba9659b1d75dbe40&type=authorganizationcode
Experimental Plant Ecology,https://repository.ubn.ru.nl/browse?authority=5dd8f9ac2ad07560812c7f57fa68e037&type=authorganizationcode
"Faculteit der Filosofie, Theologie en Religiewetenschappen",https://repository.ubn.ru.nl/browse?authority=fb94118f11d52ac289aa98704b66df9c&type=authorganizationcode
Faculteit der Letteren,https://repository.ubn.ru.nl/browse?authority=bd5905ca2b2591ddb983b887f32b020e&type=authorganizationcode
Faculteit der Managementwetenschappen,https://repository.ubn.ru.nl/browse?authority=c62a67ed16c07f6e79d2329f239dde0a&type=authorganizationcode
Faculteit der Rechtsgeleerdheid,https://repository.ubn.ru.nl/browse?authority=773ed0be4f94b028233754856629ccee&type=authorganizationcode
Faculteit der Sociale Wetenschappen,https://repository.ubn.ru.nl/browse?authority=cd969e69b4c21e5ff2370f72bdeaa5ac&type=authorganizationcode
"Faculteit Natuurwetenschappen, Wiskunde en Informatica",https://repository.ubn.ru.nl/browse?authority=b88061dfeadeab8be5775fe8134fb5c2&type=authorganizationcode
Faculteitsbureau Letteren,https://repository.ubn.ru.nl/browse?authority=6b6c5b3acd9ae870f589e787f43323d0&type=authorganizationcode
Faculty of Philosophy,https://repository.ubn.ru.nl/browse?authority=4d22715eed3dd908ac53344b4a35831c&type=authorganizationcode
Faculty of Theology,https://repository.ubn.ru.nl/browse?authority=8da8e429f37a7c371351f9784a82077c&type=authorganizationcode
FELIX - Free Electron Lasers for Infrared Experiments,https://repository.ubn.ru.nl/browse?authority=3ec5fe68087b20877f7aa3903e1563f2&type=authorganizationcode
FELIX Condensed Matter Physics,https://repository.ubn.ru.nl/browse?authority=fd1944a76829c37cbfa146503dcce90b&type=authorganizationcode
FELIX Facility,https://repository.ubn.ru.nl/browse?authority=a02dc1b8e1c309eb17b4bab274718912&type=authorganizationcode
FELIX Fel Technology,https://repository.ubn.ru.nl/browse?authority=337bdad1935d8177b4ecc0bbe1e3d761&type=authorganizationcode
FELIX Infrared and Terahertz Spectroscopy,https://repository.ubn.ru.nl/browse?authority=e9f0386b835faec096b1f8092d8248e9&type=authorganizationcode
FELIX Molecular Structure and Dynamics,https://repository.ubn.ru.nl/browse?authority=f9d783dd4ac9cad47147f961fa51df3b&type=authorganizationcode
Filosofie algemeen,https://repository.ubn.ru.nl/browse?authority=ad17675b95fa3f759331d1380e5ff854&type=authorganizationcode
Financial Mathematics,https://repository.ubn.ru.nl/browse?authority=10c515e6339c39ff5d14820b1424b17e&type=authorganizationcode
Financiële economie en ondernemingsfinanciering,https://repository.ubn.ru.nl/browse?authority=8971905e039f9cc967ce075108eafb36&type=authorganizationcode
Foundations,https://repository.ubn.ru.nl/browse?authority=6604daca0f675f28ca1a13c8eaffdb45&type=authorganizationcode
Franse Taal en Cultuur,https://repository.ubn.ru.nl/browse?authority=cf98f3eecdeaceeb44694772cd4e1622&type=authorganizationcode
FSW_Academisch centrum,https://repository.ubn.ru.nl/browse?authority=0d04cbcbe0d6382097537d63a2a27214&type=authorganizationcode
FSW_Expertisecentrum Nederlands (EN),https://repository.ubn.ru.nl/browse?authority=3af7160566842040c89d8cceca0abd03&type=authorganizationcode
FSW_Fac. algemeen,https://repository.ubn.ru.nl/browse?authority=63de1b3a4c596dd1310ce2fd999aba58&type=authorganizationcode
FSW_Fac. algemeen RTOG,https://repository.ubn.ru.nl/browse?authority=39d9a77a48b392963985539a632c471b&type=authorganizationcode
FSW_Fac. algemeen_Taal-/spraakgdrag (IWTS) 112000,https://repository.ubn.ru.nl/browse?authority=7c50507c13e9e1699c549e29da37f1cb&type=authorganizationcode
FSW_Institute for Gender Studies (IGS),https://repository.ubn.ru.nl/browse?authority=85cda8294a1c6a47160fad43a15f5a90&type=authorganizationcode
FSW_MAW_CAOS Antropologie en Ontwikkelingsstudies,https://repository.ubn.ru.nl/browse?authority=1aac3f079027cae974e5d6847309ec98&type=authorganizationcode
FSW_MAW_SOC Sociologie,https://repository.ubn.ru.nl/browse?authority=6a6ad95b444fc0c30ddcea3761548245&type=authorganizationcode
FSW_MAW_SWMK Sociaal-wetenschappelijke milieukunde,https://repository.ubn.ru.nl/browse?authority=f468d802cd467afa81ccd9d7cf23dce8&type=authorganizationcode
FSW_PSY_AO Psychologie arbeid en organisatie,https://repository.ubn.ru.nl/browse?authority=8e5504fdf70cc003420e94e4cc52ac91&type=authorganizationcode
FSW_PSY_CO Cognitieve psychologie,https://repository.ubn.ru.nl/browse?authority=3bda8189dd06a34dce6d512ce4696e59&type=authorganizationcode
FSW_PSY_MA Mathematische psychologie,https://repository.ubn.ru.nl/browse?authority=3751e924d1ce3c203472f2ccc9c15d3c&type=authorganizationcode
FSW_PSY_NICI,https://repository.ubn.ru.nl/browse?authority=58ae886717572f54c4d5364a7054ed18&type=authorganizationcode
FSW_PSY_ON Ontwikkelingspsychologie,https://repository.ubn.ru.nl/browse?authority=38c4b147f6d500f67799ca3c3d6fe746&type=authorganizationcode
FSW_PSY_SP Sociale psychologie,https://repository.ubn.ru.nl/browse?authority=c874f3fa2196a61d5ac1fd9b205d5e57&type=authorganizationcode
FSW_PWO_OE Onderwijs en educatie,https://repository.ubn.ru.nl/browse?authority=836250b86fd92f02b0a1b60f50a95e6c&type=authorganizationcode
FSW_PWO_OFI Opvoedingsfilosofie,https://repository.ubn.ru.nl/browse?authority=20ad2064457e696c55d583035069d4e7&type=authorganizationcode
FSW_PWO_OLO Orthopedagogiek - ontwikkeling & leren,https://repository.ubn.ru.nl/browse?authority=5a32d8666bfa64239556eb48d0d9698a&type=authorganizationcode
Fundamentele Filosofie,https://repository.ubn.ru.nl/browse?authority=4972acbed6bd93ff8825fed4d1d5000f&type=authorganizationcode
Gastroenterology,https://repository.ubn.ru.nl/browse?authority=634e04dc0a077fc6ddad45a98141a281&type=authorganizationcode
General Practice,https://repository.ubn.ru.nl/browse?authority=be4664560d95a65e53bf28e583e22ff6&type=authorganizationcode
"Geografie, Planologie en Milieu",https://repository.ubn.ru.nl/browse?authority=6222b74f243957fc8ca187d81b7d8b51&type=authorganizationcode
Geriatrics,https://repository.ubn.ru.nl/browse?authority=caaf04f4eaa0d3cbd0ce398d2e505941&type=authorganizationcode
Geschiedenis,https://repository.ubn.ru.nl/browse?authority=99b65bf50d03f2e14591f665f3b63fa6&type=authorganizationcode
"Geschiedenis, Kunstgeschiedenis en Oudheid",https://repository.ubn.ru.nl/browse?authority=cc4008982a53c86519f2395dc5dfa1c4&type=authorganizationcode
Griekse en Latijnse Taal en Cultuur (t/m 2018),https://repository.ubn.ru.nl/browse?authority=8238ed833ed63d5de13125a659d70da0&type=authorganizationcode
Griekse Taal- en Letterkunde,https://repository.ubn.ru.nl/browse?authority=8291815f2ceaf4c2585cb25e46ed0718&type=authorganizationcode
Gynaecology,https://repository.ubn.ru.nl/browse?authority=ecc1f4aaa25953302e3fbb970b42964b&type=authorganizationcode
Haematology,https://repository.ubn.ru.nl/browse?authority=f4dc88eb060b1e1f12c4b61f08c3f247&type=authorganizationcode
Handels- en economisch recht,https://repository.ubn.ru.nl/browse?authority=9ea4dbaffe2047e8ae5c235948766f87&type=authorganizationcode
Health Evidence,https://repository.ubn.ru.nl/browse?authority=f9273455a63316730a1eb45483773b95&type=authorganizationcode
Heyendaal Institute (HIN),https://repository.ubn.ru.nl/browse?authority=a9342761cb9b32f2ed9fe74c29f7ffd3&type=authorganizationcode
HFML - High Field Magnet Laboratory,https://repository.ubn.ru.nl/browse?authority=ed67410bcad05ae540dc32b0aa17852c&type=authorganizationcode
High Energy Physics,https://repository.ubn.ru.nl/browse?authority=9a3f73c80c7380520559d3a3dbf5b285&type=authorganizationcode
Human Biology,https://repository.ubn.ru.nl/browse?authority=146032c259941990ce8cce6f18c1032b&type=authorganizationcode
Human Genetics,https://repository.ubn.ru.nl/browse?authority=3ef1f725e9ac3dc5182de5b8ab7121ee&type=authorganizationcode
Humanities Lab,https://repository.ubn.ru.nl/browse?authority=9c5adb2808b45792048fa7d6667e75f6&type=authorganizationcode
Humanities Lab (t/m 2018),https://repository.ubn.ru.nl/browse?authority=dada901518f93130db9fd82c41353cd8&type=authorganizationcode
I.O.W.O Basis Formatie,https://repository.ubn.ru.nl/browse?authority=8c76d1e67da0b9e4d073570f656d5143&type=authorganizationcode
I.O.W.O Flexibele Formatie,https://repository.ubn.ru.nl/browse?authority=efdd23eb04ff2aeb56051d6707b3885a&type=authorganizationcode
ICIS - Institute for Computing and Information Sciences,https://repository.ubn.ru.nl/browse?authority=0f04911108e80375841d0f84daa29ed7&type=authorganizationcode
"iHub Security, Privacy and Data Governance",https://repository.ubn.ru.nl/browse?authority=fc3a875569526fa08134cd537ea39d82&type=authorganizationcode
"iHub Security, Privacy and Data Governance",https://repository.ubn.ru.nl/browse?authority=iHub+Security%2C+Privacy+and+Data+Governance&type=authorganizationcode
ILS Information & Library Services,https://repository.ubn.ru.nl/browse?authority=85af2e5af4560183f41e20c22f417940&type=authorganizationcode
IMM - Institute for Molecules and Materials,https://repository.ubn.ru.nl/browse?authority=c2f452250b9d67ac6abbb2f40e3ed087&type=authorganizationcode
Informatics for Technical Applications,https://repository.ubn.ru.nl/browse?authority=c66666d8bdd555fbe8cd54be873a650e&type=authorganizationcode
Information Retrieval and Information Systems,https://repository.ubn.ru.nl/browse?authority=fb93461180f469b64b2b30b9c4d403e8&type=authorganizationcode
Innovatiemanagement - t/m 2007,https://repository.ubn.ru.nl/browse?authority=9925cf546590de1f20ddbbf7861154d6&type=authorganizationcode
Innovatiemanagement t/m 2013,https://repository.ubn.ru.nl/browse?authority=2098089c594bf9a592c7d864a58b684f&type=authorganizationcode
Innovatiemanagement t/m 2013,https://repository.ubn.ru.nl/browse?authority=Innovatiemanagement+t%2Fm+2013&type=authorganizationcode
Innovation Studies,https://repository.ubn.ru.nl/browse?authority=98cff7d7490b76987e42525beecfb206&type=authorganizationcode
Institute for Management Research,https://repository.ubn.ru.nl/browse?authority=62aeee9bc83f88a4d6c1d76f091ffd27&type=authorganizationcode
"Institute for Mathematics, Astrophysics and Particle Physics",https://repository.ubn.ru.nl/browse?authority=7279ae5a649b082cc568e2abda7c1ff4&type=authorganizationcode
Institute for Science in Society,https://repository.ubn.ru.nl/browse?authority=954146b1776bfadf61f93b001cae54a1&type=authorganizationcode
Instituut voor Oosters Christendom (IvOC),https://repository.ubn.ru.nl/browse?authority=1cc1b76242bf408f1d5d3c4431d17560&type=authorganizationcode
Intensive Care,https://repository.ubn.ru.nl/browse?authority=1ba9f78aba7cbbdc31b30b61212b9943&type=authorganizationcode
Interfacultaire Werkgroep Taal en Spraak (IWTS),https://repository.ubn.ru.nl/browse?authority=da068e27bf0026e6e43e2f785b3ee32d&type=authorganizationcode
Interfacultaire Werkgroep Wetenschap & Samenleving,https://repository.ubn.ru.nl/browse?authority=173a8e9303ca1e26e467512900ff062b&type=authorganizationcode
Internal Medicine,https://repository.ubn.ru.nl/browse?authority=d4bfeefdbb5e534764d73d8746b86c89&type=authorganizationcode
Internationaal management - wisselleerstoel - t/m 2004,https://repository.ubn.ru.nl/browse?authority=f079f143a7e866383b7f5407cfe2fc92&type=authorganizationcode
Internationale Bedrijfscommunicatie,https://repository.ubn.ru.nl/browse?authority=8eec5e475a9aefe2fc28530c96a84ac0&type=authorganizationcode
Internationale betrekkingen,https://repository.ubn.ru.nl/browse?authority=cd277dda022859031c9e5348410ae31a&type=authorganizationcode
Internationale economie,https://repository.ubn.ru.nl/browse?authority=a0cda0798f08a2d443c732e055c1a965&type=authorganizationcode
IQ health,https://repository.ubn.ru.nl/browse?authority=f4f844b6a365003df5233201192ed4ef&type=authorganizationcode
IQ Healthcare,https://repository.ubn.ru.nl/browse?authority=46ea5622a05531211494fc34d13ff082&type=authorganizationcode
ITS Instituut Toegepaste Sociale Wetenschappen,https://repository.ubn.ru.nl/browse?authority=da1e115efe3e338af991df76ca1cf0d3&type=authorganizationcode
ITS Onderwijs: Loopbaan en Kwaliteitsontwikkeling,https://repository.ubn.ru.nl/browse?authority=87a2566fdbfc9f63605f09a94631b8c2&type=authorganizationcode
ITS Onderwijs: Organisatie en Beleidsevaluatie,https://repository.ubn.ru.nl/browse?authority=ab24c08a636087715741bda594449167&type=authorganizationcode
ITS Zorg Arbeid Sociaal Beleid,https://repository.ubn.ru.nl/browse?authority=c89068bdde8fd04aaa6f8855380e531a&type=authorganizationcode
IvOC - Instituut voor Oosters Christendom,https://repository.ubn.ru.nl/browse?authority=3d11d4f4cad6d67a0f984c3043275891&type=authorganizationcode
Kaski: Onderzoekscentrum religie en samenleving,https://repository.ubn.ru.nl/browse?authority=b532cb34ced2efca925eae671727c28f&type=authorganizationcode
Katholiek Documentatie Centrum,https://repository.ubn.ru.nl/browse?authority=6cd2fba81d8701ed833fa631d71c100e&type=authorganizationcode
Katholiek Studiecentrum,https://repository.ubn.ru.nl/browse?authority=202ba8d26c6cc29b96a35f85f57a0f93&type=authorganizationcode
Kennis- en informatiemanagement,https://repository.ubn.ru.nl/browse?authority=4d9926d2a32acdc2fc4e92c567a80356&type=authorganizationcode
Kennis- en Informatiemanagement - t/m 2007,https://repository.ubn.ru.nl/browse?authority=05cec656bf25eb8b25652dab2051e532&type=authorganizationcode
Klassieke Archeologie,https://repository.ubn.ru.nl/browse?authority=0ebfce8134d126c4616b33904be86f04&type=authorganizationcode
Kunstgeschiedenis,https://repository.ubn.ru.nl/browse?authority=229174e64df46d0574294aebff81bd75&type=authorganizationcode
Kunstgeschiedenis (t/m 2018),https://repository.ubn.ru.nl/browse?authority=3e2a59e1627a5f1d11f651a86189c4a1&type=authorganizationcode
Laboratory Medicine,https://repository.ubn.ru.nl/browse?authority=2cc702e1f736dff4519f9a7fe12558ec&type=authorganizationcode
Laboratory of Clinical Chemistry,https://repository.ubn.ru.nl/browse?authority=f01029fd9d43eb64c88c46264f134498&type=authorganizationcode
"Laboratory of Genetic, Endocrine and Metabolic Diseases",https://repository.ubn.ru.nl/browse?authority=d897f12541b524a6cb7215a45617c7ea&type=authorganizationcode
Laboratory of Hematology,https://repository.ubn.ru.nl/browse?authority=4ecc581ab86388171a4526e8ea448a5f&type=authorganizationcode
Laboratory of Medical Immunology,https://repository.ubn.ru.nl/browse?authority=ab432e3d6ae594e1919ba7ea31865c20&type=authorganizationcode
Language and Multilingualism,https://repository.ubn.ru.nl/browse?authority=2e876557ecefbaf9134d172698d4223e&type=authorganizationcode
Latijnse Taal- en Letterkunde,https://repository.ubn.ru.nl/browse?authority=3b14c1045f24b510fdd2d93df5b3f39b&type=authorganizationcode
Leerstoel Bronteksten van Jodendom en Christendom,https://repository.ubn.ru.nl/browse?authority=714a66809f86ed8faaee5eb54d17a368&type=authorganizationcode
Leerstoel Empirische en praktische religiewetenschap,https://repository.ubn.ru.nl/browse?authority=2238c50ca5f8bb77e85f3f7512ff41c0&type=authorganizationcode
Leerstoel Filosofie van cognitie en taal,https://repository.ubn.ru.nl/browse?authority=791bc1f72309600bdee04079d29d388d&type=authorganizationcode
Leerstoel Fundamentele filosofie,https://repository.ubn.ru.nl/browse?authority=c4208aedffe0578e40a4e22f2c42d77b&type=authorganizationcode
Leerstoel Geschiedenis van de filosofie,https://repository.ubn.ru.nl/browse?authority=9de305278ffefc3e0906598182dc791d&type=authorganizationcode
Leerstoel Geschiedenis van het Christendom,https://repository.ubn.ru.nl/browse?authority=b16fa7fb372412db0c76d19755b9197f&type=authorganizationcode
Leerstoel Islamstudies,https://repository.ubn.ru.nl/browse?authority=c8d24a708da32e185fb53a7ef4425b1e&type=authorganizationcode
Leerstoel Metafysica en filosofische antropologie,https://repository.ubn.ru.nl/browse?authority=861336c6238bda4d6d79f3f824427c81&type=authorganizationcode
Leerstoel Praktische filosofie,https://repository.ubn.ru.nl/browse?authority=a37ca17f836d10d3f0ca0721850ed190&type=authorganizationcode
Leerstoel Systematische religiewetenschap,https://repository.ubn.ru.nl/browse?authority=082ef54466b8e4ec97c075ae41da8203&type=authorganizationcode
"Leerstoel Textuele, historische en systematische studies van het Jodendom en Christendom",https://repository.ubn.ru.nl/browse?authority=b6338ecd87f65e79c8e9288cd4f288e9&type=authorganizationcode
Leerstoel Vergelijkende Godsdienstwetenschappen,https://repository.ubn.ru.nl/browse?authority=2e76bddb12dc2516b11a72c366f79e97&type=authorganizationcode
Leerstoel Wijsgerige ethiek en politieke filosofie,https://repository.ubn.ru.nl/browse?authority=ebfc75276963048da57f2f32df662c13&type=authorganizationcode
Literatuurwetenschap en Cultuurwetenschap,https://repository.ubn.ru.nl/browse?authority=46f683c3fbe7f74dbcf8a453b99107a0&type=authorganizationcode
LOT: Landelijke Onderzoekschool Taalwetenschap,https://repository.ubn.ru.nl/browse?authority=79c59c38bb0b2b5e4b09470c0aa804a1&type=authorganizationcode
Marketing,https://repository.ubn.ru.nl/browse?authority=3dda1e39a387f282d4c9decd6290bb07&type=authorganizationcode
Marketing - t/m 2007,https://repository.ubn.ru.nl/browse?authority=e9e92482b2ab672309798f04a39d2908&type=authorganizationcode
Mathematical Physics,https://repository.ubn.ru.nl/browse?authority=94bd7ba5f8c5cb88ec2803fe2a821da2&type=authorganizationcode
Mathematics,https://repository.ubn.ru.nl/browse?authority=0c026390f83eb93326ce3eb40db4ec3d&type=authorganizationcode
Measuring and Modelling Electromagnetic Brain Act.,https://repository.ubn.ru.nl/browse?authority=333d3553b3e22b3c68cb34e2a571c09a&type=authorganizationcode
Medical Biosciences,https://repository.ubn.ru.nl/browse?authority=dc45e9a3c9054ebf3ab2a27986e8299c&type=authorganizationcode
Medical Imaging,https://repository.ubn.ru.nl/browse?authority=4c94aa1ddbcdb0cc97ffb55dfd0d32b7&type=authorganizationcode
Medical Informatics,https://repository.ubn.ru.nl/browse?authority=0bebe4333960b62cbeac6bb8342be5cf&type=authorganizationcode
Medical Microbiology,https://repository.ubn.ru.nl/browse?authority=62c0078d61f984f7c4972016f6e0c198&type=authorganizationcode
Medical Neuroscience,https://repository.ubn.ru.nl/browse?authority=d24ccab1c4b0d43983b1fb26850627d9&type=authorganizationcode
Medical Oncology,https://repository.ubn.ru.nl/browse?authority=e8e9bacbf9bfe84979728ef85567d8a5&type=authorganizationcode
Medical Psychology,https://repository.ubn.ru.nl/browse?authority=8332afa9c997801c19e240427995449e&type=authorganizationcode
Medical Technology Assessment,https://repository.ubn.ru.nl/browse?authority=29e801cf85e8c02715272af1bb0055bd&type=authorganizationcode
Metafysica en kenleer,https://repository.ubn.ru.nl/browse?authority=654dac95b63b8b9f8e8f27702feb20b8&type=authorganizationcode
Methoden,https://repository.ubn.ru.nl/browse?authority=92403313fc89bedbc6c40bf0a3957498&type=authorganizationcode
Methodenleer - t/m 2007,https://repository.ubn.ru.nl/browse?authority=2ff44c6170eb0e64798e47d703af80d9&type=authorganizationcode
Methodologie van de managementwetenschappen,https://repository.ubn.ru.nl/browse?authority=a7c611c1f684e94742f07dea0ef5c5f6&type=authorganizationcode
Methodologie van de Managementwetenschappen - t/m 2007,https://repository.ubn.ru.nl/browse?authority=26d221a343bfbfaf0a733c7422928088&type=authorganizationcode
Milieu maatschappijwetenschappen,https://repository.ubn.ru.nl/browse?authority=3cf6cea52663e6095839b56fe7abaa9d&type=authorganizationcode
Moderne en Hedendaagse Wijsbegeerte,https://repository.ubn.ru.nl/browse?authority=9f62905c1dfbbd205083657d3b3336e9&type=authorganizationcode
Moderne Talen en Culturen,https://repository.ubn.ru.nl/browse?authority=eb185ba1038a41b94de1537051aeb717&type=authorganizationcode
Molecular and Biophysics,https://repository.ubn.ru.nl/browse?authority=3d44c69a738c9d24b4c7235a90205a51&type=authorganizationcode
Molecular and Laser Physics,https://repository.ubn.ru.nl/browse?authority=332591be407371fb309f02604e97df2b&type=authorganizationcode
Molecular Animal Physiology,https://repository.ubn.ru.nl/browse?authority=768ee8cc86dea54ff739b9085051a7c2&type=authorganizationcode
Molecular Biology,https://repository.ubn.ru.nl/browse?authority=02b2944815f044c9e3eda2a9084ecc9c&type=authorganizationcode
Molecular Developmental Biology,https://repository.ubn.ru.nl/browse?authority=fca21269b93a05d8663520b50ffa3830&type=authorganizationcode
Molecular Materials,https://repository.ubn.ru.nl/browse?authority=f1a02cbebe9e35393d423924bcae1e4b&type=authorganizationcode
Molecular Neurobiology,https://repository.ubn.ru.nl/browse?authority=e05404f216fed2990e241022ff0c77a2&type=authorganizationcode
Molecular Plant Physiology,https://repository.ubn.ru.nl/browse?authority=e7f011cc37e1c4dbfc58edc10e1cb985&type=authorganizationcode
Molecular Structure and Dynamics,https://repository.ubn.ru.nl/browse?authority=0be640da07cd18426c5a04c3a00f5749&type=authorganizationcode
"Nationale politieke stelsels, ihb het Ned pol stel",https://repository.ubn.ru.nl/browse?authority=d8da96683b5498a0581a1d10094d9654&type=authorganizationcode
NCEBP,https://repository.ubn.ru.nl/browse?authority=5a4ad7eea74fcf0f518d706698d556b7&type=authorganizationcode
NCEBP,https://repository.ubn.ru.nl/browse?authority=864bbcb43e332c873f4915ae50d38020&type=authorganizationcode
NCMLS,https://repository.ubn.ru.nl/browse?authority=c363db059a84cbc132074caea3b1934d&type=authorganizationcode
NCMLS 2a,https://repository.ubn.ru.nl/browse?authority=0491d2864aa215ccc19f55af99f7728b&type=authorganizationcode
NCMLS 3a,https://repository.ubn.ru.nl/browse?authority=abf37ef1acff41e072f12d23e9fa9a64&type=authorganizationcode
Nederlandse Letterkunde,https://repository.ubn.ru.nl/browse?authority=b5ef41c19b579f18cae7aa64c02b9d11&type=authorganizationcode
Nederlandse Taal en Cultuur,https://repository.ubn.ru.nl/browse?authority=b8bcd82167a1b0522f9ed346abdb1b03&type=authorganizationcode
Nederlandse Taalkunde,https://repository.ubn.ru.nl/browse?authority=7652a1068bafb376f2472bcb98dcee86&type=authorganizationcode
Nephrology,https://repository.ubn.ru.nl/browse?authority=46b0c2817853bdcd72e512e69840b9ef&type=authorganizationcode
Neurobiology,https://repository.ubn.ru.nl/browse?authority=fa3c4e3880fd4d1fda6898fb292772dd&type=authorganizationcode
Neurocognition of Language,https://repository.ubn.ru.nl/browse?authority=2f35a334c70327aafb1a4d3544967496&type=authorganizationcode
Neuroinformatics,https://repository.ubn.ru.nl/browse?authority=43d916e7cfdc2f18f2062c7c6c43dd38&type=authorganizationcode
Neurology,https://repository.ubn.ru.nl/browse?authority=6f1f779272a9294629e87d5e4ff62530&type=authorganizationcode
Neuronal Coherence,https://repository.ubn.ru.nl/browse?authority=212a46e295819f884a930753a5c4c845&type=authorganizationcode
Neurophysics,https://repository.ubn.ru.nl/browse?authority=58b99da2448bf0508abcc1632427c675&type=authorganizationcode
Neurophysiology,https://repository.ubn.ru.nl/browse?authority=c2c2b8e9b5eb70344f93df8049071f9b&type=authorganizationcode
Neurosurgery,https://repository.ubn.ru.nl/browse?authority=b66838edf8e6e80399353ca5312f6e9e&type=authorganizationcode
Neurotechnology,https://repository.ubn.ru.nl/browse?authority=d44df25d536ba4ca596c013cbbe47e2b&type=authorganizationcode
Nijmeegs Instituut voor Missiologie (NIM),https://repository.ubn.ru.nl/browse?authority=ecca71e06f21f95986318f466c2f9a81&type=authorganizationcode
Nijmegen Graduate School of Theology,https://repository.ubn.ru.nl/browse?authority=10fbb539c8c63703a155b03d1198dc25&type=authorganizationcode
Nuclear Medicine,https://repository.ubn.ru.nl/browse?authority=d408b5b7499485104471217e1c028a17&type=authorganizationcode
Nursing Home Medicine,https://repository.ubn.ru.nl/browse?authority=2b830976806215030b769b43008e6374&type=authorganizationcode
onbekend/nvt.,https://repository.ubn.ru.nl/browse?authority=b07fa9307e0804ebcf9a6cf3d9503662&type=authorganizationcode
Onderwijs Centrum NSM,https://repository.ubn.ru.nl/browse?authority=e7c95d23d23c0413350b33a97d97eafa&type=authorganizationcode
Onderzoekcentrum Onderneming & Recht (OO&R),https://repository.ubn.ru.nl/browse?authority=7a7665f8f456f52cfdad191ffd236da7&type=authorganizationcode
Onderzoekcentrum voor Staat en Recht,https://repository.ubn.ru.nl/browse?authority=61471720918eb7eab091767625cfe60a&type=authorganizationcode
Operating Rooms,https://repository.ubn.ru.nl/browse?authority=c9f86b4a273909c0a5c11db33f9525c9&type=authorganizationcode
Ophthalmology,https://repository.ubn.ru.nl/browse?authority=a3ca77e5e6e1634df4977564da65c361&type=authorganizationcode
Oral and Maxillofacial Surgery,https://repository.ubn.ru.nl/browse?authority=a820f6d989fa8f1e7cbc7e85064fdc4d&type=authorganizationcode
Oral Function and Prosthetic Dentistry,https://repository.ubn.ru.nl/browse?authority=7cab50a350762a3c9a05373811de3077&type=authorganizationcode
Organisatie-ontwikkeling,https://repository.ubn.ru.nl/browse?authority=418581598c06482b4f2aa28caada86b4&type=authorganizationcode
Organisatieontwikkeling,https://repository.ubn.ru.nl/browse?authority=d88d044485e9c4112136553846ba361f&type=authorganizationcode
Organisatieontwikkeling - t/m 2007,https://repository.ubn.ru.nl/browse?authority=259f5ce73a5f5e5d50a728bfde2bbfbc&type=authorganizationcode
Organismal Animal Physiology,https://repository.ubn.ru.nl/browse?authority=27e8e2beab0a263db934d69752ff8f3b&type=authorganizationcode
Orthodontics and Oral Biology,https://repository.ubn.ru.nl/browse?authority=5e325a30b41ed7b15391d0dff6ea6b8e&type=authorganizationcode
Orthopaedics,https://repository.ubn.ru.nl/browse?authority=6d5066582cc1faae2fc2de9946d27b5b&type=authorganizationcode
Otorhinolaryngology,https://repository.ubn.ru.nl/browse?authority=0d384db77ac7895583eeda5de44c1906&type=authorganizationcode
OUD - Nijmeegs Instituut voor Missiewetenschappen (NIM),https://repository.ubn.ru.nl/browse?authority=da1fc09acb0b2424a32d89c859b18c19&type=authorganizationcode
Oude en Middeleeuwse Geschiedenis,https://repository.ubn.ru.nl/browse?authority=5739c76a1c6220b41272e1d0268bda29&type=authorganizationcode
Overige Diensten,https://repository.ubn.ru.nl/browse?authority=29431754d66891698227c8deb7479105&type=authorganizationcode
Paediatric Surgery,https://repository.ubn.ru.nl/browse?authority=2fcebfa4d48042e1c8e9b1159e3daac9&type=authorganizationcode
Paediatrics,https://repository.ubn.ru.nl/browse?authority=e1904efba2d4e4e55351e360b5b9e534&type=authorganizationcode
Paediatrics - OUD tm 2017,https://repository.ubn.ru.nl/browse?authority=857cd89410f4947297a6b3ef944a71cd&type=authorganizationcode
Pathology,https://repository.ubn.ru.nl/browse?authority=c539f6c39b1f77536f0f667250a9b140&type=authorganizationcode
Periodontology and Biomaterials,https://repository.ubn.ru.nl/browse?authority=ae1c2f896aa5f4e7278398f441bc7923&type=authorganizationcode
Personeelsmanagement,https://repository.ubn.ru.nl/browse?authority=b48f7d4067ca9c90cd0566dd29da0d8e&type=authorganizationcode
Personeelsmanagement - t/m 2007,https://repository.ubn.ru.nl/browse?authority=881770850869c3063fb6300bf765234b&type=authorganizationcode
Pharmacology-Toxicology,https://repository.ubn.ru.nl/browse?authority=f0e470102b547743fc3c962829710264&type=authorganizationcode
"Pharmacy, Pharmacology and Toxicology",https://repository.ubn.ru.nl/browse?authority=dc472b25dec521fb8f7119e6ddfd615c&type=authorganizationcode
Philosophy and Science Studies,https://repository.ubn.ru.nl/browse?authority=b4266f86017ce0bc5111630832078723&type=authorganizationcode
Physical Chemistry of Soft Matter,https://repository.ubn.ru.nl/browse?authority=4fa346033d14843dd528f6b0e0073e4f&type=authorganizationcode
Physical Organic Chemistry,https://repository.ubn.ru.nl/browse?authority=75e7d6f116eeef6ffa0b4225eac0dd9f&type=authorganizationcode
Physiology,https://repository.ubn.ru.nl/browse?authority=c269794a355a8dc65544676cea9493f5&type=authorganizationcode
PI Group Affective Neuroscience,https://repository.ubn.ru.nl/browse?authority=0fb66d3773d5e55675afcc8315b8e9bf&type=authorganizationcode
PI Group Cognitive Affective Neuroscience,https://repository.ubn.ru.nl/browse?authority=9e7e83e8baeb4d6183bc4e0a3bfd94df&type=authorganizationcode
PI Group Decision Neuroscience,https://repository.ubn.ru.nl/browse?authority=d310cd7829220e8bca5e5ac663b0ce73&type=authorganizationcode
PI Group Food and Cognition,https://repository.ubn.ru.nl/browse?authority=6133db82bb11688cd602334d971176ac&type=authorganizationcode
PI Group Intention & Action,https://repository.ubn.ru.nl/browse?authority=fb9f80e59041aa3ddb0455564fedc04e&type=authorganizationcode
PI Group Language and Computation in Neural Systems,https://repository.ubn.ru.nl/browse?authority=26a3b63defcbff935d146c11729ea090&type=authorganizationcode
PI Group Memory & Emotion,https://repository.ubn.ru.nl/browse?authority=dadd919d2e87f9b76485d7648adc5a4a&type=authorganizationcode
PI Group Memory & Space,https://repository.ubn.ru.nl/browse?authority=acb837a461744feb7cb89820fc0ded0a&type=authorganizationcode
PI Group Motivational & Cognitive Control,https://repository.ubn.ru.nl/browse?authority=11eadf080289b7ea62e0271da1bf1dae&type=authorganizationcode
PI Group MR Techniques in Brain Function,https://repository.ubn.ru.nl/browse?authority=ec483605d443641459dd4827c5ae2a02&type=authorganizationcode
"PI Group Multisensory Perception, Learning and Attention",https://repository.ubn.ru.nl/browse?authority=dcf805657ce090f8e5f41afd4b526b91&type=authorganizationcode
PI Group Neurobiology of Language,https://repository.ubn.ru.nl/browse?authority=6a5e40c4ebc13f43c844930183a7460e&type=authorganizationcode
PI Group Neuronal Oscillations,https://repository.ubn.ru.nl/browse?authority=cc849324bee3be0c6690a0843edd50f3&type=authorganizationcode
PI Group Predictive Brain,https://repository.ubn.ru.nl/browse?authority=c43ca3bfdcc8dc42e15655f67afda4bf&type=authorganizationcode
PI Group Statistical Imaging Neuroscience,https://repository.ubn.ru.nl/browse?authority=cc293459655aef52f94e1d429b984c42&type=authorganizationcode
PI Group Systems Neurology,https://repository.ubn.ru.nl/browse?authority=e514da2b23775ea099a7762f4b5733e5&type=authorganizationcode
PI Group Visual Computation,https://repository.ubn.ru.nl/browse?authority=eba58f336bd3bf6d2901ed6daba20302&type=authorganizationcode
Planologie,https://repository.ubn.ru.nl/browse?authority=11fd0dd2207245b7b88d36e9d9055470&type=authorganizationcode
"Planologie, ihb lokale en reg. ruimtelijke beleid",https://repository.ubn.ru.nl/browse?authority=50a823bde286b904d370c62e27d1d5b7&type=authorganizationcode
Plant and Animal Biology,https://repository.ubn.ru.nl/browse?authority=b689b566aacb114ce687e07c46deb49a&type=authorganizationcode
Plant Genetics,https://repository.ubn.ru.nl/browse?authority=bf5f37b6dcf47f026399d2f7c4ea1ed1&type=authorganizationcode
Plastic Surgery,https://repository.ubn.ru.nl/browse?authority=96d0b2f697338fc47b2aff16a906fd66&type=authorganizationcode
Politicologie,https://repository.ubn.ru.nl/browse?authority=930f5fffde3bc4d6ab0ead51a1083a50&type=authorganizationcode
Politicologie t/m 2019,https://repository.ubn.ru.nl/browse?authority=e27c516638bfea09ba37ac16d1f2fa8a&type=authorganizationcode
Politieke Geschiedenis,https://repository.ubn.ru.nl/browse?authority=116d5849861a4d06cf2e3ccbdb4888c8&type=authorganizationcode
Politieke theorie en filosofie v.d managementweten,https://repository.ubn.ru.nl/browse?authority=264dd41a6bc3d1bbb130a966941a2471&type=authorganizationcode
Preventative Restorative Dentistry,https://repository.ubn.ru.nl/browse?authority=45e5ff77aa2e98b6eaf87e8fe1510afd&type=authorganizationcode
Primary and Community Care,https://repository.ubn.ru.nl/browse?authority=d02df06b4b94c5ea7c74df5639206f41&type=authorganizationcode
Proteomics and Chromatin Biology,https://repository.ubn.ru.nl/browse?authority=54ce82a4401260fac2bfbb5f75d07823&type=authorganizationcode
Psychiatry,https://repository.ubn.ru.nl/browse?authority=78131a4abd5e7818cbf4a9a3c6b117e7&type=authorganizationcode
Psychiatry,https://repository.ubn.ru.nl/browse?authority=d3c21bdd965e71dd095b8efd6170bcbf&type=authorganizationcode
Psychiatry,https://repository.ubn.ru.nl/browse?authority=f340f7c92223cf61c0fde9640ab39ffe&type=authorganizationcode
Psychoneuropharmacology,https://repository.ubn.ru.nl/browse?authority=b332bbe89078d5db90172d7f20ca86ff&type=authorganizationcode
Public Health,https://repository.ubn.ru.nl/browse?authority=42e68ca837d2523abd453ae9280b070e&type=authorganizationcode
Pulmonary Diseases,https://repository.ubn.ru.nl/browse?authority=981d88afeec2fd71b3a847b8d0fc73ff&type=authorganizationcode
Radboud Docenten Academie,https://repository.ubn.ru.nl/browse?authority=e4c1d6d9ade01f925ddf41464065695b&type=authorganizationcode
Radboud Docenten Academie (RDA),https://repository.ubn.ru.nl/browse?authority=391378d116bb59a6121e8aa32de0b3e6&type=authorganizationcode
Radboud in'to Languages (t/m 2018),https://repository.ubn.ru.nl/browse?authority=dc51c37fdc9942b097e71626420c905f&type=authorganizationcode
Radboud Institute for Biological and Environmental Sciences,https://repository.ubn.ru.nl/browse?authority=fe5a06f9cd6f1d50b447cfa94d6b8c23&type=authorganizationcode
Radboud Institute for Molecular Life Sciences,https://repository.ubn.ru.nl/browse?authority=a7a245876207167e93a70a65a1c3558f&type=authorganizationcode
Radboud Universitair Medisch Centrum,https://repository.ubn.ru.nl/browse?authority=ae1adcabdfb4dec8b613a041847403bf&type=authorganizationcode
Radboud Universiteit Nijmegen (v/h KUN),https://repository.ubn.ru.nl/browse?authority=Radboud+Universiteit+Nijmegen+%28v%2Fh+KUN%29&type=authorganizationcode
Radboud Universiteit Nijmegen (v/h KUN),https://repository.ubn.ru.nl/browse?authority=da43d1acb3dedaca372a32c18a764549&type=authorganizationcode
Radboudumc Extern,https://repository.ubn.ru.nl/browse?authority=0b82727065fa1acd1363f26183c3460b&type=authorganizationcode
Radboudumc Health Academy,https://repository.ubn.ru.nl/browse?authority=5d79dd82610337d6a2d0b9de235bd4f9&type=authorganizationcode
Radiation Oncology,https://repository.ubn.ru.nl/browse?authority=97d5a3d21946dda544204ad9e8fa9a3e&type=authorganizationcode
Radiology,https://repository.ubn.ru.nl/browse?authority=fd97c322254ba671d37fa0e3a1f89e1d&type=authorganizationcode
Recht en Informatica,https://repository.ubn.ru.nl/browse?authority=bd031e75d26c953b4b240e14efce846e&type=authorganizationcode
Rechtssociologie,https://repository.ubn.ru.nl/browse?authority=57016c664b4f934006cc1a3f1a2aa069&type=authorganizationcode
Rehabilitation,https://repository.ubn.ru.nl/browse?authority=8ca43ffb44d57b97d1d7695eb38d071a&type=authorganizationcode
Relatiemanagement,https://repository.ubn.ru.nl/browse?authority=4b1662075e2cf20ed9c68e26a69972b4&type=authorganizationcode
Relatiemanagement - t/m 2007,https://repository.ubn.ru.nl/browse?authority=fe0368dcdb44a573ac7a7ed0cd1fc29f&type=authorganizationcode
Research Institute for Philosophy,https://repository.ubn.ru.nl/browse?authority=83f7285fb427da1d33e7738bf124c95a&type=authorganizationcode
"Research Institute for Philosophy, Theology & Religious Studies",https://repository.ubn.ru.nl/browse?authority=266278816b79bbb745ddd87f01c84522&type=authorganizationcode
"Research Institute for Philosophy, Theology and Religious Studies",https://repository.ubn.ru.nl/browse?authority=b63574a488f5047f00039726ed1f94ba&type=authorganizationcode
Rheumatology,https://repository.ubn.ru.nl/browse?authority=9ed2187fa279890d4b20ad61b21ab143&type=authorganizationcode
RICH - Radboud Institute for Culture & History,https://repository.ubn.ru.nl/browse?authority=1999671cc8f520846dc83adf912a7dba&type=authorganizationcode
RICH_Radboud Institute for Culture & History,https://repository.ubn.ru.nl/browse?authority=f0e43360054171be665c782f876bc2d6&type=authorganizationcode
RIMLS - Radboud Institute for Molecular Life Sciences,https://repository.ubn.ru.nl/browse?authority=b7cf8978c35f247a6a3be2d77042d074&type=authorganizationcode
Romaanse talen en culturen/Frans,https://repository.ubn.ru.nl/browse?authority=ab8ffcd579828b0b321820e68185a705&type=authorganizationcode
Romaanse Talen en Culturen/Spaans,https://repository.ubn.ru.nl/browse?authority=fcedaf412d6cd7bd3dd6b5d774261502&type=authorganizationcode
Samenwerking Tilburg,https://repository.ubn.ru.nl/browse?authority=a003017daae21efbf9248786c0f137ed&type=authorganizationcode
Scanning Probe Microscopy,https://repository.ubn.ru.nl/browse?authority=04dd425d4e8d4befb7a48da5787583a2&type=authorganizationcode
Science Education,https://repository.ubn.ru.nl/browse?authority=8ff0d00398f809ad8db4ede769373461&type=authorganizationcode
Security of Systems,https://repository.ubn.ru.nl/browse?authority=fbea7b937ff456d34b290f286aa8d77a&type=authorganizationcode
Semiconductors and Nanostructures,https://repository.ubn.ru.nl/browse?authority=2b1daf0fea382f4dde6f3e4e32d5c702&type=authorganizationcode
Sociaal recht,https://repository.ubn.ru.nl/browse?authority=e77ea7b7aded895ae8f76bbfbd7e744d&type=authorganizationcode
Sociale bedrijfskunde,https://repository.ubn.ru.nl/browse?authority=3746d15c39aba98fead83e68d7c78c67&type=authorganizationcode
Sociale Bedrijfskunde - t/m 2007,https://repository.ubn.ru.nl/browse?authority=c839bebeb98f59a5350380bc0a3848dd&type=authorganizationcode
Sociale geografie,https://repository.ubn.ru.nl/browse?authority=Sociale+geografie&type=authorganizationcode
Sociale geografie,https://repository.ubn.ru.nl/browse?authority=b79883a4a350f63607621ff25aa1cf2d&type=authorganizationcode
"Sociale geografie, ihb economische geografie",https://repository.ubn.ru.nl/browse?authority=b4b407542647ad425006419b58da3b07&type=authorganizationcode
"Sociale, politieke en cultuurfilosofie",https://repository.ubn.ru.nl/browse?authority=d88f7d80d1fd83eb1b46496239a700e4&type=authorganizationcode
Soft Condensed Matter & Nanomaterials,https://repository.ubn.ru.nl/browse?authority=bdae9c902810ed41b9877a224d509a8d&type=authorganizationcode
Soft Condensed Matter and Nanomaterials,https://repository.ubn.ru.nl/browse?authority=86d0fd9eeb50354e80584f213123efcc&type=authorganizationcode
Software Science,https://repository.ubn.ru.nl/browse?authority=1998a82dfd02d4165d77fa302428b641&type=authorganizationcode
Software Technology,https://repository.ubn.ru.nl/browse?authority=af59be93c9385263d08cf489c37031a0&type=authorganizationcode
Solid State Chemistry,https://repository.ubn.ru.nl/browse?authority=b0a9352336b65977a4d3648db03bc4fe&type=authorganizationcode
Solid State NMR,https://repository.ubn.ru.nl/browse?authority=955d6718b62a06e89bb578c69433c399&type=authorganizationcode
Spaanse Taal en Cultuur,https://repository.ubn.ru.nl/browse?authority=5c832def38e7b41d0cdafe2f6bf29e6f&type=authorganizationcode
Spectroscopy and Catalysis,https://repository.ubn.ru.nl/browse?authority=be5af0475111b9f8d28286e506f68f61&type=authorganizationcode
Spectroscopy of Cold Molecules,https://repository.ubn.ru.nl/browse?authority=ed0b14c4f879b2cba8d86e2a787fbaea&type=authorganizationcode
Spectroscopy of Solids and Interfaces,https://repository.ubn.ru.nl/browse?authority=3a3d6448af0d7ede0f87d2653be4c39c&type=authorganizationcode
Spiritualiteit,https://repository.ubn.ru.nl/browse?authority=e2f75d9b84cbc46fa8810be7d4f18e06&type=authorganizationcode
Staatsrecht,https://repository.ubn.ru.nl/browse?authority=234e27250ca0f7ae9233bd58abb8b80f&type=authorganizationcode
Stochastics,https://repository.ubn.ru.nl/browse?authority=16f2713b9fe198075c0f5b0cf96a5641&type=authorganizationcode
Straf- en strafprocesrecht,https://repository.ubn.ru.nl/browse?authority=eb0ae415c4c0da028e40a6de09e141da&type=authorganizationcode
Strategie,https://repository.ubn.ru.nl/browse?authority=71cba6eda8bfe20c51fedcd029d3a820&type=authorganizationcode
Strategie - t/m 2007,https://repository.ubn.ru.nl/browse?authority=0b63b5f01b630750b13f40cb4f838ae2&type=authorganizationcode
Strategie - t/m 2007,https://repository.ubn.ru.nl/browse?authority=Strategie+-+t%2Fm+2007&type=authorganizationcode
Studiecentrum voor Vredesvraagstukken,https://repository.ubn.ru.nl/browse?authority=cdb1b8d66ac66d198f841a4c755f9917&type=authorganizationcode
Surgery,https://repository.ubn.ru.nl/browse?authority=b142d535a3bbe55cea0f9eb130aa0277&type=authorganizationcode
SW OW MAW [owi],https://repository.ubn.ru.nl/browse?authority=ecb6d958bb5a065512221e8f27260457&type=authorganizationcode
SW OW PsKI [owi],https://repository.ubn.ru.nl/browse?authority=7d760ea54eb8f35bdb1a050aa9d58b2d&type=authorganizationcode
SW OW PWO [owi],https://repository.ubn.ru.nl/browse?authority=b1076493203e2a93576258e1c9f2b508&type=authorganizationcode
SW OW RCSW [owi],https://repository.ubn.ru.nl/browse?authority=487d8625239b52a6b8422b0cb3358059&type=authorganizationcode
SW OZ BSI [ozi],https://repository.ubn.ru.nl/browse?authority=c05864c74cf3aff7543f05d655913440&type=authorganizationcode
SW OZ BSI AO,https://repository.ubn.ru.nl/browse?authority=7bf06166e0a835870c741fcd62e92dbe&type=authorganizationcode
SW OZ BSI BO,https://repository.ubn.ru.nl/browse?authority=31164aba02c0862d83ca15a9bac1b928&type=authorganizationcode
SW OZ BSI CW,https://repository.ubn.ru.nl/browse?authority=a368a9d6047a73b2fea370ed89607e52&type=authorganizationcode
SW OZ BSI FGW,https://repository.ubn.ru.nl/browse?authority=f46681d5e2997e2019e00f3d6822ff10&type=authorganizationcode
SW OZ BSI KLP,https://repository.ubn.ru.nl/browse?authority=5cc529c728b8ff0e2cac1d57a7d700c9&type=authorganizationcode
SW OZ BSI OE,https://repository.ubn.ru.nl/browse?authority=b28e71c0de45205cc61525065baec7b5&type=authorganizationcode
SW OZ BSI OGG,https://repository.ubn.ru.nl/browse?authority=SW+OZ+BSI+OGG&type=authorganizationcode
SW OZ BSI OGG,https://repository.ubn.ru.nl/browse?authority=be19ee77bd580ead76fd0dfbdd5a1295&type=authorganizationcode
SW OZ BSI OLO,https://repository.ubn.ru.nl/browse?authority=e395afadad0adccf1efa7f88d7c1c17e&type=authorganizationcode
SW OZ BSI ON,https://repository.ubn.ru.nl/browse?authority=5c588d10fc08a735028b361058b89882&type=authorganizationcode
SW OZ BSI SCP,https://repository.ubn.ru.nl/browse?authority=e5053ea7dbc707baaefeea40d2b4ada3&type=authorganizationcode
SW OZ DCC [ozi],https://repository.ubn.ru.nl/browse?authority=b9db1b9d251bbe84ea86eb13a320087b&type=authorganizationcode
SW OZ DCC AI,https://repository.ubn.ru.nl/browse?authority=efee58621bd22db812243c5807da410d&type=authorganizationcode
SW OZ DCC BO,https://repository.ubn.ru.nl/browse?authority=711ad2df1dfd449b7a8f94a2f93c01ad&type=authorganizationcode
SW OZ DCC CO,https://repository.ubn.ru.nl/browse?authority=efc690202701c23247608cc90da3bdb9&type=authorganizationcode
SW OZ DCC NRP,https://repository.ubn.ru.nl/browse?authority=bff1b0a0b4ed85041581666c1b9b2ec0&type=authorganizationcode
SW OZ DCC PL,https://repository.ubn.ru.nl/browse?authority=c75901e5c68b76fdb05abc7712da470d&type=authorganizationcode
SW OZ DCC SMN,https://repository.ubn.ru.nl/browse?authority=c83d75e30a2ee55cc364a5556db2ca4b&type=authorganizationcode
SW OZ NISCO CW,https://repository.ubn.ru.nl/browse?authority=6b1547ec46de0ae3fd990009d223c0fa&type=authorganizationcode
SW OZ NISCO MT,https://repository.ubn.ru.nl/browse?authority=9095dffdebd2e5dfa3893ea192d29b04&type=authorganizationcode
SW OZ RSCR BO,https://repository.ubn.ru.nl/browse?authority=98fc2228d097161e5a615364487d0e3a&type=authorganizationcode
SW OZ RSCR CAOS,https://repository.ubn.ru.nl/browse?authority=a2b72ba681c2df69cda01a16a9646065&type=authorganizationcode
SW OZ RSCR GD,https://repository.ubn.ru.nl/browse?authority=44f8d03d7063b831ea7f26ef6bdaa52a&type=authorganizationcode
SW OZ RSCR GD,https://repository.ubn.ru.nl/browse?authority=fa9bf76b66cce60fbf11367ff4cdb5e8&type=authorganizationcode
SW OZ RSCR SOC,https://repository.ubn.ru.nl/browse?authority=5c6bbf2580dcf3defe9aa83e5542ad15&type=authorganizationcode
Synthetic Organic Chemistry,https://repository.ubn.ru.nl/browse?authority=0ebbc47c7768c9fa649ddb050b892b07&type=authorganizationcode
Systems Chemistry,https://repository.ubn.ru.nl/browse?authority=3aac0dbb1d91b0513ee4483bb4b66fb9&type=authorganizationcode
Taalbeheersing van het Nederlands,https://repository.ubn.ru.nl/browse?authority=6d08404de61ed1e1f3a74ce31ac76802&type=authorganizationcode
Taalfilosofie en logica,https://repository.ubn.ru.nl/browse?authority=371009b3f65e63987abbc4913d289d2e&type=authorganizationcode
Taalwetenschap,https://repository.ubn.ru.nl/browse?authority=Taalwetenschap&type=authorganizationcode
Taalwetenschap,https://repository.ubn.ru.nl/browse?authority=d94bd230f5e0070ceaffdffff8290b00&type=authorganizationcode
Theoretical Chemistry,https://repository.ubn.ru.nl/browse?authority=4943c4505c97b0636c909b15e544350e&type=authorganizationcode
Theoretical High Energy Physics,https://repository.ubn.ru.nl/browse?authority=12b6c6757bf6caedf9031ff964bf1634&type=authorganizationcode
Theoretische Taalwetenschap,https://repository.ubn.ru.nl/browse?authority=b2edf29d055033810234279fc9e4a579&type=authorganizationcode
"Theorie van religie, moraal en cultuur",https://repository.ubn.ru.nl/browse?authority=3aa2a1a669309a948a55871218dde635&type=authorganizationcode
Theory of Condensed Matter,https://repository.ubn.ru.nl/browse?authority=abc51ea4847390c88c3b8f7a9175a033&type=authorganizationcode
Titus Brandsma Instituut,https://repository.ubn.ru.nl/browse?authority=15bebf1f18ad5b43666570b0f3cfb41e&type=authorganizationcode
Toegepaste Taalwetenschap,https://repository.ubn.ru.nl/browse?authority=b56aaefe874e829dd952660e38ec7343&type=authorganizationcode
Tumorimmunology,https://repository.ubn.ru.nl/browse?authority=eb3ed45e71ee969ed7f36651d04cea67&type=authorganizationcode
Ultrafast Spectroscopy of Correlated Materials,https://repository.ubn.ru.nl/browse?authority=3662146ed10d37db184c65ab73bb868b&type=authorganizationcode
Ultrafast Spectroscopy of Correlated Materials,https://repository.ubn.ru.nl/browse?authority=Ultrafast+Spectroscopy+of+Correlated+Materials&type=authorganizationcode
Univ. Instituut Voor De Lerarenopleiding (Oud),https://repository.ubn.ru.nl/browse?authority=1e0cbba3044eee3ab5cea8a4b1bbf367&type=authorganizationcode
Universitaire Stralingbeschermingsdienst,https://repository.ubn.ru.nl/browse?authority=e05fe5968f47c42f2853e0967dc32e57&type=authorganizationcode
Universiteitsbibliotheek,https://repository.ubn.ru.nl/browse?authority=68fc453cccaba9344eb7e378299448d0&type=authorganizationcode
Urology,https://repository.ubn.ru.nl/browse?authority=eb09e6f7c7bb7e3486f5f5f696ff1578&type=authorganizationcode
Vakgr. Bedrijfswetenschappen,https://repository.ubn.ru.nl/browse?authority=1980f32cea5b92cc36c4b85cab3220e0&type=authorganizationcode
Vakgr. Bestuurs- en Organisatiewetenschap,https://repository.ubn.ru.nl/browse?authority=971441009b6178ffab57400be4a84ddc&type=authorganizationcode
"Vakgr. Milieu, Natuur en Landschap",https://repository.ubn.ru.nl/browse?authority=9bb4aa23949aac809b33628049aa1617&type=authorganizationcode
Vakgr. Planologie,https://repository.ubn.ru.nl/browse?authority=a2af22487a42ef3a4e77bf71b3fee0e2&type=authorganizationcode
Vakgr. Politicologie,https://repository.ubn.ru.nl/browse?authority=a66fa179a329040a21e813ea6fa87c1e&type=authorganizationcode
Vakgr. Sociale Geografie,https://repository.ubn.ru.nl/browse?authority=43928d0c74b301fd816f9ccdfa92f564&type=authorganizationcode
Vakgr. Sociale Geografie  Ontw. gebieden,https://repository.ubn.ru.nl/browse?authority=9593a48e3c699b67fa434fd7822f03f8&type=authorganizationcode
Vakgr. Toegepaste Economie,https://repository.ubn.ru.nl/browse?authority=888600f590b8c55e06aa7466f4537d32&type=authorganizationcode
Vergelijkende godsdienstwetenschappen,https://repository.ubn.ru.nl/browse?authority=cf544cc5573a41a0775a7cfc4854accf&type=authorganizationcode
VERUS - Vereniging voor katholiek en christelijk onderwijs,https://repository.ubn.ru.nl/browse?authority=5f4e99fd4c1f955bf90ddf04a4f3dc14&type=authorganizationcode
Volksrecht,https://repository.ubn.ru.nl/browse?authority=60eb2b004209d001c6b9cb75f565621b&type=authorganizationcode
Werkplaats buitenpromovendi FFTR,https://repository.ubn.ru.nl/browse?authority=b98d47e75088a8dae402a60cc34ca59a&type=authorganizationcode
Werkplaats Buitenpromovendi Filosofie,https://repository.ubn.ru.nl/browse?authority=04dbefa78e3ab133afa9a474821fb460&type=authorganizationcode
Werkplaats Buitenpromovendi Religiewetenschappen,https://repository.ubn.ru.nl/browse?authority=31fed036e6f3ef5b5e7105a0844b75ec&type=authorganizationcode
Wijsgerige antropologie,https://repository.ubn.ru.nl/browse?authority=0922e93d9583fae02ad5b8c70f3e17f3&type=authorganizationcode
Wijsgerige ethiek,https://repository.ubn.ru.nl/browse?authority=d4394c4e78b838166b6399438f66c699&type=authorganizationcode
